sensor_id,timestamp,temperature,humidity,location,sensor_type
1040,2025-04-14 06:07:12,15.06,39.78,BuildingB_Floor1,TypeA
1006,2025-04-15 14:44:34,30.41,59.04,BuildingA_Floor2,TypeC
1070,2025-04-14 09:19:17,21.01,42.11,BuildingB_Floor2,TypeB
1078,2025-04-12 20:40:44,32.7,38.71,BuildingB_Floor2,TypeC
1010,2025-04-14 06:39:23,31.55,34.15,BuildingB_Floor2,TypeA
1011,2025-04-11 02:19:21,28.52,41.7,BuildingA_Floor2,TypeB
1006,2025-04-14 16:53:45,25.77,58.97,BuildingB_Floor1,TypeC
1099,2025-04-13 16:19:36,34.18,38.26,BuildingA_Floor2,TypeA
1029,2025-04-13 06:37:53,23.01,40.22,BuildingB_Floor1,TypeC
1084,2025-04-14 12:02:17,22.27,70.41,BuildingA_Floor1,TypeC
1026,2025-04-12 15:15:16,33.12,78.14,BuildingB_Floor2,TypeB
1016,2025-04-15 10:41:28,34.02,49.46,BuildingA_Floor2,TypeA
1004,2025-04-14 06:19:19,21.34,35.91,BuildingA_Floor2,TypeA
1054,2025-04-10 22:55:44,29.81,41.75,BuildingB_Floor2,TypeC
1057,2025-04-15 12:36:16,15.22,50.21,BuildingB_Floor1,TypeC
1011,2025-04-14 11:46:27,22.21,35.79,BuildingB_Floor1,TypeC
1039,2025-04-14 23:31:37,31.99,43.3,BuildingB_Floor1,TypeA
1037,2025-04-10 23:07:27,22.35,66.77,BuildingA_Floor2,TypeA
1071,2025-04-11 19:01:23,20.98,42.49,BuildingA_Floor2,TypeC
1041,2025-04-13 16:50:33,19.33,35.95,BuildingA_Floor1,TypeC
1081,2025-04-11 12:44:55,34.9,64.62,BuildingB_Floor2,TypeB
1066,2025-04-11 08:16:19,34.4,58.36,BuildingA_Floor1,TypeA
1008,2025-04-15 04:12:43,33.97,47.42,BuildingB_Floor2,TypeB
1042,2025-04-12 02:01:23,22.13,46.22,BuildingA_Floor1,TypeC
1026,2025-04-15 08:33:15,20.2,79.18,BuildingB_Floor1,TypeB
1084,2025-04-11 02:22:18,25.33,47.15,BuildingB_Floor2,TypeC
1061,2025-04-10 21:52:23,17.48,30.57,BuildingB_Floor2,TypeB
1052,2025-04-14 08:58:52,31.94,59.05,BuildingA_Floor1,TypeB
1097,2025-04-10 17:57:33,26.65,51.09,BuildingA_Floor1,TypeC
1030,2025-04-13 05:34:39,21.79,64.47,BuildingA_Floor2,TypeC
1032,2025-04-14 03:57:22,29.78,35.18,BuildingB_Floor2,TypeA
1054,2025-04-13 02:32:51,29.26,50.12,BuildingA_Floor1,TypeC
1099,2025-04-14 13:05:18,23.37,32.68,BuildingA_Floor2,TypeB
1078,2025-04-15 00:08:49,16.0,38.15,BuildingB_Floor1,TypeA
1057,2025-04-11 22:34:08,15.87,61.37,BuildingB_Floor1,TypeB
1043,2025-04-11 11:18:04,15.67,75.2,BuildingB_Floor2,TypeC
1064,2025-04-11 17:08:38,18.06,41.74,BuildingA_Floor2,TypeA
1034,2025-04-15 02:03:49,27.07,34.5,BuildingB_Floor1,TypeC
1064,2025-04-10 16:36:25,21.05,60.54,BuildingB_Floor2,TypeA
1036,2025-04-10 17:28:24,29.55,71.34,BuildingB_Floor1,TypeA
1035,2025-04-14 13:22:31,21.25,31.02,BuildingA_Floor2,TypeA
1083,2025-04-11 13:52:15,32.03,30.8,BuildingA_Floor1,TypeA
1095,2025-04-10 23:07:30,34.25,42.17,BuildingA_Floor1,TypeB
1084,2025-04-14 23:01:35,16.92,72.69,BuildingB_Floor1,TypeA
1038,2025-04-12 04:10:37,29.77,30.49,BuildingB_Floor2,TypeA
1082,2025-04-13 11:36:53,23.65,33.18,BuildingB_Floor1,TypeC
1091,2025-04-11 12:55:24,22.83,34.0,BuildingB_Floor1,TypeB
1094,2025-04-15 02:37:29,18.43,75.83,BuildingB_Floor2,TypeC
1003,2025-04-15 13:33:55,32.17,54.76,BuildingA_Floor2,TypeC
1058,2025-04-12 20:47:05,26.01,38.4,BuildingA_Floor2,TypeA
1014,2025-04-13 18:23:20,19.94,70.23,BuildingA_Floor1,TypeA
1032,2025-04-12 14:15:07,20.84,62.92,BuildingB_Floor2,TypeC
1052,2025-04-11 02:12:00,25.3,30.53,BuildingA_Floor1,TypeA
1048,2025-04-13 14:53:18,21.33,42.56,BuildingB_Floor2,TypeB
1000,2025-04-15 15:13:25,25.95,68.39,BuildingB_Floor2,TypeA
1005,2025-04-13 15:52:52,28.99,33.44,BuildingA_Floor2,TypeA
1085,2025-04-13 11:54:45,32.07,50.07,BuildingB_Floor1,TypeC
1019,2025-04-15 00:05:51,20.24,38.47,BuildingB_Floor2,TypeB
1040,2025-04-12 16:18:28,31.9,49.86,BuildingB_Floor1,TypeB
1012,2025-04-13 14:48:33,23.43,37.23,BuildingA_Floor2,TypeA
1058,2025-04-15 05:23:40,15.49,71.52,BuildingA_Floor1,TypeC
1031,2025-04-13 03:45:07,32.77,48.13,BuildingA_Floor1,TypeA
1010,2025-04-13 17:00:33,27.86,41.87,BuildingA_Floor2,TypeA
1031,2025-04-14 12:30:01,24.86,31.12,BuildingA_Floor1,TypeC
1014,2025-04-10 17:05:11,30.45,59.76,BuildingA_Floor1,TypeC
1067,2025-04-13 06:48:17,33.66,62.39,BuildingA_Floor2,TypeC
1002,2025-04-11 09:14:23,29.78,57.56,BuildingA_Floor2,TypeA
1038,2025-04-10 17:51:21,17.75,55.41,BuildingA_Floor1,TypeC
1080,2025-04-14 18:01:14,21.92,51.28,BuildingA_Floor2,TypeB
1038,2025-04-12 07:42:56,18.49,59.52,BuildingB_Floor1,TypeA
1023,2025-04-10 20:02:08,31.75,78.19,BuildingA_Floor1,TypeB
1011,2025-04-11 20:32:18,21.67,36.91,BuildingA_Floor2,TypeA
1018,2025-04-15 04:00:08,20.37,61.76,BuildingA_Floor2,TypeC
1064,2025-04-11 05:01:07,16.18,30.34,BuildingB_Floor2,TypeC
1084,2025-04-11 04:48:56,21.09,38.83,BuildingA_Floor2,TypeC
1005,2025-04-12 06:23:05,18.16,64.38,BuildingA_Floor2,TypeB
1019,2025-04-13 20:28:18,19.68,31.35,BuildingA_Floor1,TypeB
1084,2025-04-13 18:23:45,30.35,65.7,BuildingA_Floor1,TypeB
1074,2025-04-14 06:15:25,34.47,65.43,BuildingB_Floor2,TypeB
1008,2025-04-14 16:21:16,23.05,50.62,BuildingB_Floor2,TypeB
1087,2025-04-14 15:26:53,30.56,41.66,BuildingB_Floor2,TypeB
1000,2025-04-11 05:05:28,20.25,34.57,BuildingA_Floor1,TypeA
1001,2025-04-13 19:25:25,26.09,32.13,BuildingB_Floor1,TypeB
1078,2025-04-12 11:49:15,30.18,56.11,BuildingB_Floor2,TypeC
1076,2025-04-11 03:26:32,32.24,63.99,BuildingB_Floor2,TypeA
1012,2025-04-11 12:09:45,26.1,65.67,BuildingA_Floor1,TypeC
1056,2025-04-11 15:47:23,16.62,30.35,BuildingA_Floor1,TypeB
1082,2025-04-15 05:50:09,16.03,71.68,BuildingB_Floor1,TypeB
1030,2025-04-14 16:31:50,23.16,52.42,BuildingA_Floor2,TypeA
1020,2025-04-10 21:36:09,27.26,70.16,BuildingB_Floor1,TypeA
1082,2025-04-15 09:35:44,25.4,63.09,BuildingA_Floor1,TypeC
1082,2025-04-11 11:41:24,27.54,46.82,BuildingA_Floor2,TypeA
1005,2025-04-15 11:58:04,24.0,58.01,BuildingB_Floor2,TypeC
1044,2025-04-15 03:33:04,19.22,70.56,BuildingB_Floor2,TypeC
1047,2025-04-14 17:51:07,27.29,70.16,BuildingA_Floor1,TypeA
1002,2025-04-12 02:17:15,29.98,50.42,BuildingA_Floor1,TypeC
1040,2025-04-14 11:30:05,34.52,53.86,BuildingA_Floor1,TypeA
1009,2025-04-13 14:44:31,31.25,42.09,BuildingA_Floor2,TypeC
1006,2025-04-14 03:13:16,30.64,65.43,BuildingA_Floor1,TypeB
1087,2025-04-10 16:54:22,27.32,69.42,BuildingB_Floor2,TypeC
1078,2025-04-13 12:31:13,27.31,59.02,BuildingA_Floor2,TypeA
1042,2025-04-15 04:43:17,20.53,55.5,BuildingA_Floor1,TypeA
1089,2025-04-15 03:03:03,24.28,33.44,BuildingA_Floor1,TypeB
1059,2025-04-12 20:40:48,21.74,72.63,BuildingB_Floor1,TypeA
1055,2025-04-14 16:53:42,26.02,30.61,BuildingB_Floor1,TypeC
1077,2025-04-14 11:14:04,29.69,73.79,BuildingB_Floor2,TypeB
1020,2025-04-11 03:24:17,33.7,43.17,BuildingB_Floor1,TypeC
1019,2025-04-15 12:44:03,27.59,68.75,BuildingA_Floor1,TypeC
1035,2025-04-12 07:37:23,24.56,76.06,BuildingA_Floor2,TypeB
1062,2025-04-11 06:09:02,16.01,54.0,BuildingA_Floor2,TypeB
1043,2025-04-15 13:14:40,24.92,47.48,BuildingB_Floor2,TypeC
1029,2025-04-10 21:28:18,23.49,55.59,BuildingA_Floor2,TypeB
1075,2025-04-10 21:42:13,21.52,62.46,BuildingB_Floor2,TypeB
1000,2025-04-11 17:23:53,34.96,45.87,BuildingA_Floor1,TypeB
1047,2025-04-15 12:14:26,34.15,40.52,BuildingB_Floor2,TypeA
1084,2025-04-13 01:33:58,19.66,33.04,BuildingB_Floor1,TypeC
1009,2025-04-12 18:44:54,23.32,61.83,BuildingA_Floor1,TypeB
1088,2025-04-11 03:36:15,20.34,67.54,BuildingA_Floor1,TypeC
1019,2025-04-10 23:59:57,15.92,61.47,BuildingB_Floor1,TypeA
1084,2025-04-11 03:40:32,26.97,72.08,BuildingB_Floor2,TypeC
1095,2025-04-14 00:21:14,26.87,46.72,BuildingA_Floor1,TypeA
1096,2025-04-15 02:30:47,32.77,77.09,BuildingA_Floor1,TypeB
1091,2025-04-12 06:12:31,21.14,69.74,BuildingB_Floor2,TypeA
1068,2025-04-13 03:05:03,23.66,69.07,BuildingB_Floor2,TypeA
1005,2025-04-12 00:12:35,34.06,78.61,BuildingA_Floor1,TypeC
1007,2025-04-12 13:03:59,22.55,51.14,BuildingA_Floor2,TypeB
1057,2025-04-10 21:08:09,27.53,40.6,BuildingA_Floor1,TypeC
1028,2025-04-10 17:55:10,26.9,71.76,BuildingB_Floor1,TypeC
1011,2025-04-11 04:09:51,20.24,31.08,BuildingB_Floor1,TypeC
1037,2025-04-15 11:04:02,20.87,39.51,BuildingB_Floor2,TypeB
1045,2025-04-13 00:01:32,24.92,68.01,BuildingB_Floor2,TypeC
1017,2025-04-12 19:56:29,32.22,64.73,BuildingA_Floor1,TypeB
1020,2025-04-11 00:56:52,28.62,63.39,BuildingB_Floor2,TypeB
1051,2025-04-15 00:09:23,16.02,75.51,BuildingA_Floor2,TypeB
1048,2025-04-13 22:18:33,18.54,39.6,BuildingB_Floor2,TypeA
1009,2025-04-13 07:13:12,16.11,53.94,BuildingB_Floor2,TypeB
1004,2025-04-12 21:02:02,34.76,77.45,BuildingB_Floor2,TypeA
1066,2025-04-10 18:16:59,31.56,55.36,BuildingB_Floor2,TypeA
1053,2025-04-12 15:24:33,33.03,55.13,BuildingA_Floor1,TypeB
1039,2025-04-12 17:26:53,18.24,64.85,BuildingB_Floor1,TypeB
1049,2025-04-14 10:48:41,27.34,74.66,BuildingA_Floor1,TypeA
1098,2025-04-11 02:12:50,20.44,54.99,BuildingA_Floor2,TypeC
1044,2025-04-13 20:56:18,26.91,57.16,BuildingA_Floor2,TypeA
1043,2025-04-11 04:59:53,27.87,62.52,BuildingA_Floor2,TypeA
1089,2025-04-11 15:42:39,26.35,40.04,BuildingB_Floor1,TypeB
1089,2025-04-12 05:07:57,20.22,34.38,BuildingA_Floor2,TypeC
1064,2025-04-11 20:39:23,25.79,37.0,BuildingA_Floor2,TypeC
1070,2025-04-12 01:47:53,26.29,68.85,BuildingA_Floor1,TypeA
1067,2025-04-11 14:03:42,16.25,30.62,BuildingB_Floor2,TypeA
1091,2025-04-13 12:09:57,34.01,64.86,BuildingB_Floor2,TypeC
1083,2025-04-14 11:06:39,16.26,61.15,BuildingB_Floor1,TypeC
1091,2025-04-13 09:33:10,29.69,54.71,BuildingA_Floor1,TypeC
1082,2025-04-13 17:13:28,27.63,75.36,BuildingB_Floor1,TypeB
1061,2025-04-14 22:19:03,34.06,56.33,BuildingB_Floor1,TypeC
1016,2025-04-15 03:28:59,30.72,74.28,BuildingA_Floor1,TypeA
1016,2025-04-15 04:35:55,20.58,60.6,BuildingB_Floor1,TypeB
1010,2025-04-10 17:01:42,32.38,34.97,BuildingA_Floor1,TypeA
1007,2025-04-12 09:45:56,29.05,53.27,BuildingB_Floor2,TypeC
1009,2025-04-12 15:30:47,16.29,51.2,BuildingA_Floor2,TypeC
1047,2025-04-10 16:00:38,32.66,64.34,BuildingA_Floor2,TypeA
1029,2025-04-14 15:09:38,18.56,62.6,BuildingA_Floor2,TypeC
1005,2025-04-11 21:52:53,16.67,44.94,BuildingA_Floor2,TypeB
1055,2025-04-15 11:04:58,31.04,30.18,BuildingB_Floor2,TypeB
1017,2025-04-10 16:27:54,19.13,70.76,BuildingB_Floor1,TypeB
1055,2025-04-13 11:05:25,27.71,35.14,BuildingA_Floor2,TypeB
1064,2025-04-14 08:04:53,15.19,49.29,BuildingB_Floor1,TypeA
1005,2025-04-11 07:42:07,16.65,48.34,BuildingB_Floor1,TypeB
1010,2025-04-14 15:04:43,19.6,65.97,BuildingB_Floor2,TypeB
1000,2025-04-14 23:36:02,32.39,45.11,BuildingB_Floor2,TypeA
1071,2025-04-11 10:11:47,31.15,61.5,BuildingB_Floor2,TypeA
1040,2025-04-15 05:45:08,16.0,71.81,BuildingA_Floor2,TypeB
1085,2025-04-10 21:31:33,22.33,57.11,BuildingA_Floor2,TypeA
1047,2025-04-15 09:07:33,28.12,67.44,BuildingA_Floor2,TypeC
1037,2025-04-12 09:49:26,32.32,77.95,BuildingB_Floor1,TypeB
1020,2025-04-13 08:35:20,24.06,58.08,BuildingA_Floor2,TypeA
1050,2025-04-12 00:34:38,34.67,34.42,BuildingB_Floor2,TypeB
1086,2025-04-12 12:49:20,31.49,52.76,BuildingB_Floor1,TypeB
1054,2025-04-13 21:28:14,24.44,71.17,BuildingB_Floor2,TypeB
1057,2025-04-15 01:35:48,32.67,34.62,BuildingA_Floor2,TypeC
1090,2025-04-14 23:12:44,34.52,72.71,BuildingB_Floor1,TypeB
1061,2025-04-15 01:49:28,25.95,57.22,BuildingA_Floor1,TypeC
1038,2025-04-12 03:12:09,28.99,70.23,BuildingA_Floor1,TypeC
1051,2025-04-14 13:52:20,27.52,60.4,BuildingB_Floor2,TypeB
1078,2025-04-13 03:31:59,20.39,49.98,BuildingA_Floor2,TypeA
1009,2025-04-12 14:09:00,27.96,50.53,BuildingB_Floor1,TypeB
1003,2025-04-11 08:38:27,22.88,30.58,BuildingB_Floor2,TypeA
1074,2025-04-14 06:37:27,24.48,76.38,BuildingA_Floor1,TypeB
1088,2025-04-15 08:39:58,24.63,74.07,BuildingA_Floor1,TypeA
1009,2025-04-14 18:34:17,33.4,56.49,BuildingA_Floor1,TypeB
1045,2025-04-12 22:36:47,19.91,60.74,BuildingA_Floor2,TypeA
1043,2025-04-14 16:44:41,27.06,39.34,BuildingA_Floor1,TypeB
1027,2025-04-15 13:18:32,30.73,34.12,BuildingB_Floor1,TypeB
1037,2025-04-11 18:41:43,18.39,59.29,BuildingB_Floor1,TypeA
1034,2025-04-12 18:12:51,33.59,39.45,BuildingB_Floor2,TypeC
1099,2025-04-12 22:49:44,25.44,35.65,BuildingB_Floor1,TypeA
1051,2025-04-13 19:01:39,33.48,62.68,BuildingA_Floor2,TypeC
1027,2025-04-13 04:51:48,32.78,62.58,BuildingA_Floor2,TypeB
1066,2025-04-14 13:21:54,31.33,72.82,BuildingA_Floor2,TypeC
1067,2025-04-12 03:08:57,25.71,57.41,BuildingB_Floor1,TypeB
1070,2025-04-14 07:35:51,28.4,63.87,BuildingA_Floor1,TypeC
1051,2025-04-11 11:31:40,32.12,38.71,BuildingB_Floor1,TypeC
1019,2025-04-12 13:56:55,25.56,50.88,BuildingA_Floor1,TypeC
1079,2025-04-15 01:25:23,20.29,36.34,BuildingB_Floor1,TypeA
1008,2025-04-12 20:16:52,27.26,60.21,BuildingB_Floor2,TypeC
1078,2025-04-13 07:00:32,27.67,42.09,BuildingB_Floor1,TypeB
1051,2025-04-15 05:23:45,21.31,38.38,BuildingB_Floor2,TypeA
1008,2025-04-12 06:46:18,28.84,56.57,BuildingB_Floor2,TypeC
1009,2025-04-12 04:48:26,28.83,40.05,BuildingA_Floor2,TypeB
1055,2025-04-11 15:51:08,21.33,38.56,BuildingA_Floor2,TypeA
1007,2025-04-11 23:43:34,19.46,36.16,BuildingB_Floor1,TypeC
1049,2025-04-12 12:12:12,21.38,49.66,BuildingB_Floor1,TypeC
1026,2025-04-14 16:18:40,15.55,76.67,BuildingB_Floor2,TypeB
1009,2025-04-12 00:04:23,22.26,49.66,BuildingB_Floor2,TypeC
1029,2025-04-14 19:05:49,24.43,55.42,BuildingB_Floor2,TypeA
1067,2025-04-15 09:04:22,16.07,57.21,BuildingB_Floor2,TypeC
1086,2025-04-12 21:35:50,16.25,78.95,BuildingB_Floor1,TypeC
1079,2025-04-11 01:58:52,30.38,68.09,BuildingB_Floor2,TypeC
1046,2025-04-13 21:42:13,30.46,65.33,BuildingB_Floor1,TypeC
1047,2025-04-11 09:08:02,26.92,39.92,BuildingA_Floor2,TypeA
1009,2025-04-15 07:59:39,31.11,55.51,BuildingA_Floor2,TypeB
1021,2025-04-12 05:41:06,16.91,53.35,BuildingB_Floor1,TypeA
1051,2025-04-12 11:37:21,34.72,32.54,BuildingB_Floor1,TypeC
1050,2025-04-13 03:49:49,20.81,59.23,BuildingB_Floor2,TypeB
1059,2025-04-12 10:15:45,18.66,35.24,BuildingB_Floor1,TypeC
1031,2025-04-11 12:43:28,21.95,42.32,BuildingB_Floor2,TypeB
1094,2025-04-11 19:14:08,27.49,54.97,BuildingA_Floor1,TypeA
1068,2025-04-14 04:46:58,17.66,49.91,BuildingB_Floor2,TypeC
1096,2025-04-12 12:50:30,34.63,74.84,BuildingB_Floor2,TypeA
1089,2025-04-15 00:39:49,33.58,55.6,BuildingB_Floor1,TypeC
1058,2025-04-13 07:43:21,23.78,64.31,BuildingB_Floor1,TypeC
1051,2025-04-11 13:42:51,32.21,52.11,BuildingB_Floor2,TypeB
1092,2025-04-13 17:36:17,30.99,63.84,BuildingB_Floor2,TypeA
1076,2025-04-12 01:13:05,31.03,74.63,BuildingB_Floor1,TypeA
1091,2025-04-12 10:50:55,29.81,55.59,BuildingB_Floor1,TypeB
1040,2025-04-11 12:40:24,30.57,62.88,BuildingB_Floor1,TypeA
1083,2025-04-11 14:07:18,25.87,57.97,BuildingB_Floor2,TypeB
1043,2025-04-13 05:20:02,26.91,58.39,BuildingB_Floor2,TypeA
1081,2025-04-13 15:29:36,15.21,53.73,BuildingB_Floor2,TypeA
1002,2025-04-13 02:26:53,16.49,45.58,BuildingB_Floor2,TypeA
1074,2025-04-12 16:04:58,21.12,38.98,BuildingB_Floor1,TypeA
1045,2025-04-15 11:38:30,19.12,79.84,BuildingA_Floor2,TypeC
1100,2025-04-12 21:22:46,17.39,37.58,BuildingB_Floor1,TypeA
1080,2025-04-11 01:19:41,21.81,60.47,BuildingA_Floor2,TypeB
1036,2025-04-11 08:59:24,17.02,48.67,BuildingB_Floor1,TypeC
1023,2025-04-13 20:11:51,19.6,72.07,BuildingB_Floor1,TypeA
1079,2025-04-11 10:51:56,24.49,51.24,BuildingA_Floor1,TypeB
1048,2025-04-11 19:10:45,33.45,68.08,BuildingB_Floor1,TypeA
1029,2025-04-13 06:18:53,28.83,42.41,BuildingB_Floor1,TypeA
1012,2025-04-15 14:32:34,30.88,71.17,BuildingB_Floor2,TypeC
1019,2025-04-11 07:56:27,17.98,50.91,BuildingA_Floor1,TypeA
1098,2025-04-11 17:09:56,16.56,69.9,BuildingA_Floor2,TypeA
1070,2025-04-14 09:04:55,24.73,36.89,BuildingA_Floor2,TypeC
1075,2025-04-11 23:28:04,32.98,78.22,BuildingB_Floor2,TypeC
1087,2025-04-15 14:22:06,22.06,60.8,BuildingA_Floor1,TypeB
1038,2025-04-12 05:17:05,30.47,56.98,BuildingA_Floor2,TypeC
1064,2025-04-14 06:59:00,27.25,55.76,BuildingB_Floor2,TypeA
1089,2025-04-11 02:07:52,17.92,36.31,BuildingA_Floor1,TypeA
1003,2025-04-13 14:32:38,15.64,64.69,BuildingA_Floor2,TypeB
1028,2025-04-15 03:23:26,30.23,37.9,BuildingB_Floor2,TypeC
1038,2025-04-11 17:58:55,24.95,62.32,BuildingB_Floor1,TypeB
1093,2025-04-11 03:19:23,32.83,39.27,BuildingA_Floor2,TypeC
1041,2025-04-11 22:10:44,21.09,46.57,BuildingA_Floor1,TypeA
1011,2025-04-11 02:32:38,24.4,70.9,BuildingB_Floor1,TypeB
1027,2025-04-13 03:32:19,23.32,65.31,BuildingA_Floor1,TypeB
1064,2025-04-13 23:00:35,25.19,54.4,BuildingB_Floor1,TypeC
1010,2025-04-15 03:42:39,23.41,61.92,BuildingB_Floor2,TypeC
1038,2025-04-12 05:15:27,22.35,60.04,BuildingB_Floor2,TypeA
1053,2025-04-10 20:26:44,32.86,48.74,BuildingB_Floor1,TypeB
1073,2025-04-14 23:33:51,30.35,48.59,BuildingB_Floor1,TypeA
1018,2025-04-11 12:17:51,28.93,70.02,BuildingB_Floor2,TypeC
1072,2025-04-14 04:50:46,16.5,61.13,BuildingA_Floor1,TypeC
1006,2025-04-14 04:11:30,24.07,33.3,BuildingA_Floor1,TypeC
1073,2025-04-13 04:22:15,18.7,46.88,BuildingA_Floor1,TypeA
1040,2025-04-11 06:25:19,32.03,37.07,BuildingA_Floor1,TypeB
1055,2025-04-14 21:56:30,20.71,32.28,BuildingA_Floor2,TypeA
1023,2025-04-14 17:28:59,23.29,76.95,BuildingB_Floor2,TypeA
1012,2025-04-13 11:34:08,20.25,48.4,BuildingB_Floor2,TypeA
1014,2025-04-10 19:42:00,23.2,77.95,BuildingB_Floor2,TypeC
1076,2025-04-11 11:46:16,34.47,68.7,BuildingB_Floor2,TypeA
1057,2025-04-11 00:17:39,34.24,75.84,BuildingB_Floor2,TypeB
1057,2025-04-14 21:20:07,22.29,70.11,BuildingB_Floor2,TypeC
1005,2025-04-14 19:33:20,31.31,49.81,BuildingB_Floor1,TypeB
1060,2025-04-11 15:32:38,24.44,61.69,BuildingB_Floor2,TypeB
1017,2025-04-12 01:38:55,31.99,39.2,BuildingB_Floor1,TypeC
1028,2025-04-13 21:13:48,17.72,37.78,BuildingA_Floor1,TypeC
1009,2025-04-14 23:55:30,30.97,37.92,BuildingB_Floor2,TypeA
1096,2025-04-11 06:58:42,29.97,35.43,BuildingA_Floor2,TypeB
1001,2025-04-13 22:37:01,20.88,40.05,BuildingB_Floor2,TypeA
1051,2025-04-14 03:06:44,24.83,38.42,BuildingA_Floor1,TypeB
1040,2025-04-11 08:10:55,20.92,76.73,BuildingB_Floor1,TypeC
1089,2025-04-12 10:22:27,24.43,32.81,BuildingA_Floor1,TypeB
1005,2025-04-13 18:03:18,26.41,66.68,BuildingA_Floor1,TypeB
1077,2025-04-13 13:00:36,33.15,77.48,BuildingB_Floor1,TypeB
1029,2025-04-12 19:55:19,18.0,42.86,BuildingA_Floor1,TypeA
1009,2025-04-14 15:08:09,33.53,56.96,BuildingA_Floor2,TypeA
1004,2025-04-15 10:08:47,34.32,46.96,BuildingB_Floor2,TypeC
1038,2025-04-11 13:01:25,17.1,40.39,BuildingA_Floor1,TypeB
1100,2025-04-11 13:45:53,30.49,60.79,BuildingA_Floor2,TypeC
1096,2025-04-14 05:16:28,23.38,41.85,BuildingA_Floor1,TypeC
1074,2025-04-15 00:19:23,27.27,38.5,BuildingA_Floor1,TypeB
1004,2025-04-14 01:44:39,24.76,68.45,BuildingA_Floor2,TypeC
1003,2025-04-10 23:47:46,23.75,78.63,BuildingA_Floor2,TypeB
1001,2025-04-13 22:03:25,34.31,59.2,BuildingA_Floor2,TypeA
1094,2025-04-14 17:16:45,23.51,77.12,BuildingB_Floor2,TypeA
1098,2025-04-15 13:19:31,33.41,67.63,BuildingA_Floor2,TypeB
1039,2025-04-12 07:57:17,22.01,54.13,BuildingA_Floor1,TypeC
1099,2025-04-11 01:42:52,33.63,63.37,BuildingB_Floor2,TypeC
1018,2025-04-14 06:44:17,34.24,68.19,BuildingB_Floor2,TypeA
1014,2025-04-13 15:35:35,25.54,79.79,BuildingA_Floor1,TypeB
1048,2025-04-11 09:17:20,31.83,42.0,BuildingB_Floor2,TypeC
1046,2025-04-15 04:53:08,33.93,40.7,BuildingB_Floor2,TypeA
1027,2025-04-13 16:15:50,34.0,41.53,BuildingB_Floor1,TypeB
1032,2025-04-13 17:50:31,33.43,71.83,BuildingA_Floor2,TypeB
1016,2025-04-14 02:54:08,16.95,64.78,BuildingB_Floor1,TypeC
1001,2025-04-11 22:03:01,30.57,79.95,BuildingB_Floor2,TypeC
1067,2025-04-14 09:56:35,30.6,33.77,BuildingB_Floor1,TypeA
1014,2025-04-12 09:36:13,34.68,73.25,BuildingA_Floor2,TypeA
1055,2025-04-12 22:59:16,26.0,30.77,BuildingA_Floor1,TypeC
1092,2025-04-11 02:47:59,32.21,57.4,BuildingA_Floor2,TypeB
1017,2025-04-13 09:15:50,29.71,36.97,BuildingA_Floor1,TypeC
1076,2025-04-14 20:20:16,22.88,31.91,BuildingA_Floor1,TypeB
1076,2025-04-10 19:02:25,18.52,33.01,BuildingB_Floor2,TypeA
1095,2025-04-15 08:38:38,16.87,73.91,BuildingA_Floor1,TypeA
1035,2025-04-12 19:11:24,23.88,37.39,BuildingB_Floor1,TypeB
1062,2025-04-14 21:02:39,19.62,35.38,BuildingA_Floor2,TypeB
1028,2025-04-15 01:17:57,32.84,40.66,BuildingA_Floor2,TypeB
1049,2025-04-14 21:07:01,30.09,63.14,BuildingB_Floor2,TypeB
1072,2025-04-15 13:47:15,15.04,56.53,BuildingB_Floor2,TypeC
1034,2025-04-12 03:19:51,17.36,70.24,BuildingB_Floor1,TypeA
1077,2025-04-11 12:58:01,23.85,44.57,BuildingB_Floor1,TypeB
1039,2025-04-13 06:54:09,32.78,70.79,BuildingB_Floor2,TypeB
1031,2025-04-13 07:47:57,27.41,46.36,BuildingA_Floor1,TypeA
1083,2025-04-13 12:12:25,18.21,44.27,BuildingA_Floor1,TypeC
1010,2025-04-14 22:44:54,34.17,46.35,BuildingA_Floor2,TypeC
1029,2025-04-12 14:20:28,24.72,64.18,BuildingB_Floor2,TypeA
1005,2025-04-12 21:16:59,20.19,61.31,BuildingB_Floor1,TypeC
1082,2025-04-13 20:56:03,28.63,36.9,BuildingA_Floor1,TypeC
1072,2025-04-12 18:52:09,23.6,65.74,BuildingB_Floor1,TypeB
1012,2025-04-13 01:38:55,22.68,60.09,BuildingA_Floor1,TypeB
1002,2025-04-12 21:48:03,17.11,37.99,BuildingB_Floor1,TypeB
1038,2025-04-12 21:55:39,25.26,78.34,BuildingA_Floor2,TypeA
1004,2025-04-12 17:38:14,34.96,61.29,BuildingB_Floor2,TypeA
1049,2025-04-12 11:29:10,27.94,64.04,BuildingA_Floor1,TypeA
1030,2025-04-14 10:10:27,31.09,30.35,BuildingA_Floor1,TypeA
1048,2025-04-14 09:35:53,25.69,37.77,BuildingB_Floor2,TypeB
1054,2025-04-14 03:20:54,22.74,48.9,BuildingA_Floor2,TypeC
1018,2025-04-15 07:09:05,18.18,63.67,BuildingB_Floor2,TypeC
1028,2025-04-13 18:22:29,27.74,57.51,BuildingA_Floor1,TypeC
1048,2025-04-12 20:09:39,27.07,73.18,BuildingB_Floor1,TypeC
1012,2025-04-11 15:29:09,30.3,66.08,BuildingB_Floor2,TypeB
1017,2025-04-15 02:26:17,15.64,52.7,BuildingB_Floor2,TypeC
1019,2025-04-14 04:44:31,29.43,35.6,BuildingA_Floor2,TypeA
1001,2025-04-14 18:18:59,22.61,61.78,BuildingB_Floor2,TypeA
1010,2025-04-13 05:56:36,34.48,35.29,BuildingA_Floor1,TypeA
1073,2025-04-12 08:31:11,31.73,32.34,BuildingB_Floor2,TypeB
1032,2025-04-10 16:38:20,16.41,61.8,BuildingA_Floor1,TypeC
1067,2025-04-11 05:06:15,29.23,67.63,BuildingA_Floor1,TypeA
1022,2025-04-11 13:05:34,23.45,70.63,BuildingB_Floor1,TypeC
1002,2025-04-13 01:30:08,28.35,58.42,BuildingB_Floor2,TypeC
1053,2025-04-13 16:08:34,17.67,69.98,BuildingA_Floor1,TypeB
1023,2025-04-13 02:12:25,28.39,54.9,BuildingA_Floor1,TypeB
1072,2025-04-15 09:44:04,19.03,49.17,BuildingA_Floor2,TypeC
1064,2025-04-12 21:20:18,29.8,46.41,BuildingB_Floor1,TypeA
1000,2025-04-14 05:52:25,16.88,43.79,BuildingB_Floor2,TypeA
1025,2025-04-13 09:33:19,32.08,56.42,BuildingA_Floor1,TypeB
1027,2025-04-11 05:17:25,24.32,59.4,BuildingB_Floor1,TypeA
1050,2025-04-11 01:48:33,16.65,71.62,BuildingB_Floor1,TypeB
1004,2025-04-11 15:40:12,19.35,55.82,BuildingA_Floor2,TypeB
1015,2025-04-12 14:26:40,34.99,61.06,BuildingA_Floor2,TypeB
1058,2025-04-14 10:17:37,17.61,64.75,BuildingB_Floor2,TypeB
1053,2025-04-10 17:15:52,20.14,59.87,BuildingB_Floor2,TypeA
1050,2025-04-12 05:26:55,32.15,53.39,BuildingB_Floor2,TypeA
1029,2025-04-10 16:27:03,18.81,69.77,BuildingA_Floor2,TypeC
1089,2025-04-11 05:07:30,17.74,62.58,BuildingB_Floor2,TypeC
1074,2025-04-11 19:19:59,30.29,70.14,BuildingB_Floor1,TypeB
1034,2025-04-11 09:43:55,23.29,48.53,BuildingB_Floor2,TypeB
1042,2025-04-13 20:44:27,17.76,30.61,BuildingA_Floor2,TypeC
1049,2025-04-15 03:11:16,19.93,43.79,BuildingB_Floor2,TypeC
1083,2025-04-12 11:08:12,31.29,58.38,BuildingB_Floor1,TypeA
1029,2025-04-11 10:26:31,29.34,71.07,BuildingB_Floor2,TypeA
1012,2025-04-10 22:40:37,15.44,78.41,BuildingA_Floor2,TypeA
1032,2025-04-13 22:54:56,18.19,65.02,BuildingB_Floor1,TypeA
1076,2025-04-13 01:27:44,32.61,68.76,BuildingB_Floor2,TypeB
1100,2025-04-11 00:39:15,19.11,34.44,BuildingB_Floor1,TypeA
1043,2025-04-15 01:47:46,33.09,35.06,BuildingB_Floor2,TypeA
1050,2025-04-14 00:54:09,21.56,37.4,BuildingA_Floor2,TypeC
1065,2025-04-12 09:54:34,22.52,42.31,BuildingA_Floor2,TypeB
1073,2025-04-11 20:46:11,30.54,70.01,BuildingA_Floor2,TypeC
1023,2025-04-13 14:13:45,16.2,77.49,BuildingA_Floor2,TypeC
1019,2025-04-14 10:55:29,17.35,74.34,BuildingB_Floor2,TypeA
1035,2025-04-11 00:23:26,16.78,31.74,BuildingB_Floor2,TypeB
1076,2025-04-15 13:21:44,28.8,66.33,BuildingB_Floor2,TypeA
1089,2025-04-12 22:48:36,34.79,79.41,BuildingA_Floor2,TypeA
1094,2025-04-14 23:02:47,34.87,40.61,BuildingB_Floor2,TypeA
1056,2025-04-15 04:34:53,19.06,68.57,BuildingA_Floor1,TypeB
1036,2025-04-11 17:31:54,34.72,57.61,BuildingB_Floor1,TypeB
1012,2025-04-13 06:53:38,16.81,32.36,BuildingB_Floor2,TypeA
1060,2025-04-15 11:47:25,32.07,32.26,BuildingB_Floor1,TypeA
1077,2025-04-15 10:06:43,25.77,38.75,BuildingA_Floor1,TypeB
1094,2025-04-11 10:52:31,22.84,71.5,BuildingB_Floor1,TypeA
1095,2025-04-13 19:24:35,27.95,58.08,BuildingA_Floor1,TypeC
1043,2025-04-14 15:54:23,29.24,35.92,BuildingB_Floor1,TypeC
1008,2025-04-14 08:04:58,28.89,41.61,BuildingA_Floor1,TypeC
1012,2025-04-15 05:04:05,19.92,30.7,BuildingA_Floor1,TypeA
1023,2025-04-12 18:29:34,19.38,69.57,BuildingB_Floor1,TypeA
1028,2025-04-14 20:07:14,29.67,34.01,BuildingA_Floor2,TypeB
1090,2025-04-13 05:47:50,34.79,73.04,BuildingB_Floor1,TypeA
1052,2025-04-11 06:01:03,21.97,78.33,BuildingB_Floor2,TypeA
1095,2025-04-12 05:01:17,17.95,41.1,BuildingA_Floor1,TypeA
1045,2025-04-15 11:01:26,34.19,46.3,BuildingB_Floor1,TypeC
1093,2025-04-13 08:08:57,31.92,51.73,BuildingA_Floor2,TypeA
1017,2025-04-13 23:26:41,34.69,74.38,BuildingB_Floor1,TypeB
1020,2025-04-10 22:24:27,22.45,46.02,BuildingA_Floor1,TypeA
1018,2025-04-11 22:44:51,33.55,44.53,BuildingA_Floor1,TypeA
1096,2025-04-13 05:36:28,29.39,38.91,BuildingB_Floor2,TypeA
1053,2025-04-14 08:43:17,21.15,36.98,BuildingB_Floor1,TypeB
1062,2025-04-15 04:15:45,19.96,54.77,BuildingB_Floor1,TypeB
1094,2025-04-13 04:10:35,19.19,61.42,BuildingA_Floor1,TypeC
1010,2025-04-13 01:42:15,24.69,77.03,BuildingA_Floor2,TypeC
1054,2025-04-13 05:19:26,20.53,33.17,BuildingA_Floor2,TypeB
1089,2025-04-11 23:38:52,31.93,38.81,BuildingB_Floor2,TypeA
1041,2025-04-11 14:01:53,22.84,51.01,BuildingB_Floor2,TypeA
1064,2025-04-12 02:48:37,27.65,50.92,BuildingA_Floor1,TypeB
1088,2025-04-14 06:54:54,34.59,73.23,BuildingA_Floor2,TypeB
1027,2025-04-14 04:52:08,31.21,34.4,BuildingB_Floor1,TypeA
1004,2025-04-14 14:57:17,22.09,66.02,BuildingB_Floor1,TypeA
1001,2025-04-11 18:56:42,29.61,45.98,BuildingB_Floor1,TypeA
1069,2025-04-12 22:07:15,24.22,30.75,BuildingA_Floor1,TypeA
1076,2025-04-15 10:55:45,31.41,33.1,BuildingA_Floor1,TypeB
1083,2025-04-14 19:00:57,15.54,61.78,BuildingB_Floor1,TypeC
1016,2025-04-13 22:47:35,20.59,61.2,BuildingB_Floor2,TypeA
1061,2025-04-14 21:40:30,19.62,35.39,BuildingB_Floor1,TypeA
1064,2025-04-13 11:47:47,15.52,53.36,BuildingA_Floor2,TypeC
1094,2025-04-13 08:08:54,30.78,33.09,BuildingA_Floor1,TypeB
1097,2025-04-15 15:07:03,24.74,62.94,BuildingA_Floor1,TypeB
1025,2025-04-13 19:15:39,16.16,58.79,BuildingB_Floor1,TypeA
1099,2025-04-14 19:01:42,15.07,65.18,BuildingB_Floor2,TypeC
1034,2025-04-11 02:41:28,26.21,71.55,BuildingB_Floor2,TypeC
1017,2025-04-12 04:52:49,18.49,38.01,BuildingA_Floor1,TypeB
1091,2025-04-12 18:34:56,30.28,66.04,BuildingB_Floor1,TypeC
1001,2025-04-13 17:27:06,25.01,62.65,BuildingB_Floor2,TypeB
1089,2025-04-11 23:59:57,20.2,46.01,BuildingB_Floor1,TypeC
1051,2025-04-12 07:38:50,28.04,45.31,BuildingB_Floor2,TypeB
1020,2025-04-15 04:37:32,32.51,46.26,BuildingB_Floor1,TypeB
1034,2025-04-15 07:50:30,23.49,56.2,BuildingB_Floor1,TypeC
1064,2025-04-14 04:27:54,22.93,48.86,BuildingB_Floor1,TypeA
1039,2025-04-14 02:27:55,31.38,79.1,BuildingB_Floor2,TypeC
1084,2025-04-13 17:08:10,16.14,59.77,BuildingB_Floor2,TypeC
1068,2025-04-11 12:19:13,34.23,32.92,BuildingB_Floor2,TypeB
1084,2025-04-11 05:57:32,17.37,30.76,BuildingA_Floor1,TypeC
1088,2025-04-14 20:17:36,34.76,36.42,BuildingA_Floor1,TypeC
1035,2025-04-11 15:40:24,26.83,38.25,BuildingB_Floor1,TypeA
1082,2025-04-10 22:00:20,28.28,61.03,BuildingB_Floor1,TypeA
1027,2025-04-15 13:46:54,32.68,55.5,BuildingB_Floor1,TypeA
1005,2025-04-15 02:47:23,18.2,67.59,BuildingA_Floor2,TypeB
1011,2025-04-11 01:58:13,17.73,47.3,BuildingB_Floor1,TypeB
1091,2025-04-11 06:39:03,26.1,79.04,BuildingA_Floor2,TypeC
1052,2025-04-10 16:50:43,26.39,61.09,BuildingA_Floor1,TypeB
1098,2025-04-12 09:30:22,19.28,76.22,BuildingB_Floor1,TypeA
1001,2025-04-13 20:32:05,29.15,79.48,BuildingB_Floor2,TypeB
1069,2025-04-14 13:31:11,19.04,73.27,BuildingB_Floor1,TypeC
1072,2025-04-10 18:27:56,27.1,68.62,BuildingB_Floor2,TypeA
1013,2025-04-14 19:56:57,28.75,66.42,BuildingA_Floor1,TypeC
1040,2025-04-12 16:02:26,31.76,35.61,BuildingA_Floor1,TypeB
1023,2025-04-11 17:57:45,18.67,70.0,BuildingB_Floor2,TypeB
1077,2025-04-11 13:19:16,28.12,35.41,BuildingB_Floor2,TypeC
1046,2025-04-12 13:51:24,22.01,42.66,BuildingA_Floor1,TypeB
1077,2025-04-12 11:02:13,28.89,68.17,BuildingA_Floor2,TypeA
1036,2025-04-13 16:06:16,19.74,41.92,BuildingA_Floor1,TypeA
1094,2025-04-11 10:37:34,29.41,43.07,BuildingA_Floor2,TypeC
1057,2025-04-13 07:00:04,32.34,52.21,BuildingA_Floor2,TypeA
1085,2025-04-11 13:58:33,26.09,72.32,BuildingA_Floor2,TypeB
1001,2025-04-15 09:37:51,24.9,37.45,BuildingA_Floor2,TypeA
1001,2025-04-14 03:52:29,31.58,44.47,BuildingB_Floor1,TypeB
1094,2025-04-12 01:40:33,29.88,51.37,BuildingA_Floor2,TypeC
1094,2025-04-11 09:35:11,18.26,33.69,BuildingA_Floor2,TypeB
1004,2025-04-14 20:11:28,34.44,31.53,BuildingA_Floor2,TypeC
1061,2025-04-14 09:32:05,18.55,75.28,BuildingB_Floor1,TypeB
1035,2025-04-13 20:19:49,30.73,58.48,BuildingB_Floor2,TypeB
1023,2025-04-11 04:41:52,17.3,33.03,BuildingB_Floor1,TypeA
1040,2025-04-14 20:15:13,34.68,51.58,BuildingB_Floor2,TypeB
1004,2025-04-14 09:15:42,16.41,34.26,BuildingA_Floor2,TypeC
1072,2025-04-11 20:39:22,29.8,65.73,BuildingB_Floor2,TypeB
1049,2025-04-13 03:38:07,31.83,51.9,BuildingB_Floor2,TypeC
1015,2025-04-13 23:08:09,26.41,57.52,BuildingB_Floor1,TypeA
1003,2025-04-11 22:31:18,29.12,65.98,BuildingB_Floor2,TypeA
1048,2025-04-14 23:22:58,27.7,58.48,BuildingB_Floor1,TypeC
1040,2025-04-11 00:32:53,31.07,47.36,BuildingA_Floor2,TypeB
1052,2025-04-15 06:16:19,28.65,54.05,BuildingB_Floor1,TypeB
1037,2025-04-11 22:49:14,20.76,72.32,BuildingA_Floor2,TypeC
1036,2025-04-12 16:08:27,32.98,50.1,BuildingA_Floor2,TypeC
1034,2025-04-12 08:12:29,17.97,53.06,BuildingA_Floor2,TypeB
1029,2025-04-15 10:43:51,21.05,66.94,BuildingA_Floor1,TypeB
1038,2025-04-11 17:39:53,21.04,36.95,BuildingB_Floor2,TypeB
1083,2025-04-12 11:37:54,27.69,30.07,BuildingB_Floor1,TypeA
1084,2025-04-11 16:18:47,17.35,42.39,BuildingA_Floor2,TypeC
1020,2025-04-11 16:29:58,25.48,32.66,BuildingB_Floor1,TypeA
1074,2025-04-11 15:12:20,18.97,56.4,BuildingA_Floor1,TypeB
1055,2025-04-10 22:56:58,28.97,38.53,BuildingB_Floor2,TypeA
1084,2025-04-12 23:41:16,30.37,64.6,BuildingA_Floor1,TypeA
1088,2025-04-12 03:30:41,28.25,53.32,BuildingA_Floor1,TypeB
1090,2025-04-12 13:58:10,20.81,79.41,BuildingA_Floor2,TypeC
1006,2025-04-12 18:27:04,18.67,54.88,BuildingA_Floor1,TypeB
1086,2025-04-10 18:20:37,23.16,54.22,BuildingA_Floor2,TypeB
1019,2025-04-13 15:32:38,17.45,74.29,BuildingA_Floor2,TypeA
1081,2025-04-14 02:19:14,24.33,38.58,BuildingA_Floor1,TypeA
1076,2025-04-11 01:32:27,29.39,78.31,BuildingA_Floor2,TypeA
1061,2025-04-12 20:23:28,34.08,66.26,BuildingA_Floor2,TypeB
1027,2025-04-10 17:35:17,27.2,48.95,BuildingA_Floor1,TypeA
1080,2025-04-15 09:59:22,16.76,34.74,BuildingB_Floor1,TypeA
1017,2025-04-11 12:23:59,31.29,40.89,BuildingB_Floor2,TypeC
1034,2025-04-14 15:53:12,33.33,69.06,BuildingA_Floor2,TypeA
1086,2025-04-14 21:00:11,25.4,43.86,BuildingB_Floor1,TypeC
1042,2025-04-12 05:06:07,24.96,31.69,BuildingA_Floor1,TypeB
1058,2025-04-14 05:52:47,33.91,36.59,BuildingB_Floor1,TypeB
1033,2025-04-11 00:48:51,24.57,40.28,BuildingB_Floor2,TypeB
1036,2025-04-13 01:54:27,24.7,33.95,BuildingB_Floor2,TypeC
1026,2025-04-13 02:20:25,29.88,46.97,BuildingA_Floor1,TypeB
1082,2025-04-15 15:38:58,18.16,31.36,BuildingB_Floor1,TypeC
1100,2025-04-14 14:24:32,21.73,40.88,BuildingB_Floor2,TypeC
1092,2025-04-11 01:34:26,18.38,55.5,BuildingA_Floor2,TypeC
1022,2025-04-14 00:33:17,23.18,47.07,BuildingA_Floor1,TypeA
1081,2025-04-13 18:41:12,28.06,63.33,BuildingA_Floor2,TypeA
1099,2025-04-14 11:13:58,22.4,32.01,BuildingA_Floor1,TypeC
1051,2025-04-15 01:55:01,24.72,53.6,BuildingB_Floor1,TypeB
1016,2025-04-12 22:34:18,22.86,69.57,BuildingA_Floor2,TypeB
1006,2025-04-11 09:49:47,23.33,38.52,BuildingA_Floor1,TypeB
1056,2025-04-11 06:00:46,23.62,42.44,BuildingB_Floor1,TypeB
1096,2025-04-11 04:57:24,33.84,40.1,BuildingA_Floor1,TypeA
1020,2025-04-15 13:07:07,32.63,43.46,BuildingB_Floor2,TypeC
1055,2025-04-12 20:14:08,17.04,67.29,BuildingB_Floor1,TypeC
1052,2025-04-14 15:09:42,20.99,74.73,BuildingB_Floor2,TypeB
1004,2025-04-14 15:57:43,25.21,76.43,BuildingA_Floor2,TypeC
1097,2025-04-14 09:00:23,27.72,42.45,BuildingA_Floor2,TypeC
1005,2025-04-14 22:29:44,17.78,70.48,BuildingB_Floor1,TypeA
1012,2025-04-13 06:28:53,26.82,38.52,BuildingA_Floor2,TypeC
1054,2025-04-11 11:34:14,19.73,75.57,BuildingB_Floor1,TypeB
1096,2025-04-13 02:49:56,17.96,30.02,BuildingA_Floor1,TypeB
1008,2025-04-12 17:11:52,26.39,65.37,BuildingB_Floor2,TypeB
1051,2025-04-14 05:24:43,15.89,56.36,BuildingA_Floor1,TypeA
1075,2025-04-13 03:53:16,29.83,66.85,BuildingA_Floor2,TypeA
1019,2025-04-13 03:00:15,24.83,52.8,BuildingB_Floor1,TypeC
1090,2025-04-14 08:37:32,20.46,43.13,BuildingA_Floor1,TypeA
1088,2025-04-12 16:04:53,24.99,49.49,BuildingA_Floor2,TypeC
1051,2025-04-12 04:54:40,22.37,39.77,BuildingA_Floor2,TypeA
1027,2025-04-14 09:16:49,27.5,38.62,BuildingA_Floor1,TypeA
1018,2025-04-14 07:50:43,33.83,57.05,BuildingB_Floor1,TypeB
1047,2025-04-13 04:44:24,34.96,57.29,BuildingA_Floor1,TypeC
1100,2025-04-10 19:55:19,34.99,31.6,BuildingB_Floor1,TypeB
1032,2025-04-11 03:02:16,33.46,65.51,BuildingA_Floor1,TypeA
1072,2025-04-12 21:54:43,26.05,47.54,BuildingB_Floor2,TypeA
1051,2025-04-11 02:37:13,32.01,34.72,BuildingB_Floor2,TypeA
1099,2025-04-13 03:38:35,27.99,56.31,BuildingA_Floor1,TypeC
1019,2025-04-14 10:01:34,18.16,37.11,BuildingB_Floor1,TypeC
1071,2025-04-13 12:43:27,27.07,64.7,BuildingB_Floor2,TypeB
1008,2025-04-13 08:49:52,26.21,36.53,BuildingB_Floor1,TypeA
1008,2025-04-12 15:03:33,28.6,67.84,BuildingA_Floor1,TypeB
1080,2025-04-10 21:16:58,17.21,52.45,BuildingB_Floor2,TypeA
1019,2025-04-13 23:21:18,24.23,67.52,BuildingA_Floor2,TypeA
1006,2025-04-10 23:37:07,21.13,66.58,BuildingA_Floor2,TypeC
1088,2025-04-14 03:49:27,16.92,34.81,BuildingB_Floor2,TypeA
1009,2025-04-10 19:04:49,27.51,30.8,BuildingB_Floor1,TypeB
1034,2025-04-13 03:24:25,22.19,56.68,BuildingA_Floor1,TypeA
1071,2025-04-10 18:48:51,21.54,37.12,BuildingA_Floor2,TypeA
1060,2025-04-13 16:43:29,31.41,70.08,BuildingA_Floor1,TypeA
1027,2025-04-12 19:12:44,18.63,79.19,BuildingB_Floor1,TypeC
1012,2025-04-10 19:31:43,27.89,73.49,BuildingA_Floor1,TypeB
1082,2025-04-13 03:57:38,30.22,35.05,BuildingA_Floor1,TypeB
1042,2025-04-11 04:40:42,28.31,62.94,BuildingB_Floor1,TypeC
1076,2025-04-14 22:30:17,15.36,66.35,BuildingA_Floor1,TypeB
1026,2025-04-13 00:28:04,32.84,70.32,BuildingA_Floor2,TypeC
1018,2025-04-15 00:15:52,32.48,75.91,BuildingB_Floor2,TypeC
1060,2025-04-11 05:19:22,27.1,49.22,BuildingB_Floor1,TypeC
1049,2025-04-10 21:41:45,17.77,45.49,BuildingA_Floor1,TypeB
1079,2025-04-10 23:26:01,21.29,52.75,BuildingA_Floor1,TypeA
1037,2025-04-14 14:22:07,29.29,41.78,BuildingB_Floor2,TypeC
1081,2025-04-12 18:03:16,24.65,63.64,BuildingA_Floor2,TypeA
1054,2025-04-15 12:50:06,16.61,47.79,BuildingB_Floor2,TypeC
1054,2025-04-11 23:05:51,31.26,41.06,BuildingA_Floor2,TypeA
1071,2025-04-12 09:32:32,15.13,34.43,BuildingA_Floor2,TypeB
1064,2025-04-12 11:43:08,34.55,32.53,BuildingA_Floor1,TypeC
1094,2025-04-15 15:44:59,17.77,56.98,BuildingA_Floor2,TypeC
1048,2025-04-13 02:42:27,30.61,53.6,BuildingA_Floor1,TypeC
1060,2025-04-12 10:10:34,26.66,41.36,BuildingB_Floor1,TypeC
1040,2025-04-11 21:26:30,30.17,60.34,BuildingB_Floor2,TypeC
1060,2025-04-12 23:44:21,33.98,45.9,BuildingB_Floor2,TypeB
1061,2025-04-13 04:08:59,21.88,53.87,BuildingB_Floor2,TypeA
1020,2025-04-11 12:20:32,33.04,47.21,BuildingA_Floor1,TypeA
1047,2025-04-11 21:12:28,20.37,64.98,BuildingA_Floor1,TypeA
1073,2025-04-13 15:00:12,15.37,68.19,BuildingA_Floor1,TypeC
1052,2025-04-13 20:30:35,22.92,30.08,BuildingA_Floor2,TypeC
1100,2025-04-14 09:55:10,27.86,38.58,BuildingB_Floor1,TypeB
1001,2025-04-12 22:54:07,15.1,66.8,BuildingA_Floor2,TypeA
1099,2025-04-13 22:17:25,23.4,61.17,BuildingB_Floor1,TypeA
1068,2025-04-13 00:04:29,16.4,39.0,BuildingB_Floor1,TypeC
1093,2025-04-12 14:14:58,21.72,67.59,BuildingA_Floor1,TypeA
1044,2025-04-10 23:38:06,24.91,30.88,BuildingA_Floor1,TypeC
1058,2025-04-15 15:32:46,20.19,72.07,BuildingB_Floor1,TypeA
1039,2025-04-13 04:25:10,29.48,60.78,BuildingA_Floor1,TypeB
1058,2025-04-14 15:03:05,26.85,39.88,BuildingA_Floor2,TypeC
1090,2025-04-13 04:09:22,17.08,66.24,BuildingB_Floor2,TypeB
1036,2025-04-15 08:36:12,31.72,50.17,BuildingB_Floor2,TypeA
1016,2025-04-14 15:59:20,27.0,56.96,BuildingB_Floor2,TypeA
1048,2025-04-15 15:28:06,20.18,43.54,BuildingA_Floor1,TypeA
1013,2025-04-14 14:29:02,23.66,74.44,BuildingA_Floor2,TypeB
1080,2025-04-14 01:27:20,16.83,49.72,BuildingB_Floor1,TypeC
1018,2025-04-14 15:28:54,17.45,45.37,BuildingA_Floor1,TypeB
1023,2025-04-11 15:09:46,30.2,63.81,BuildingA_Floor2,TypeC
1061,2025-04-10 17:07:52,28.07,58.3,BuildingB_Floor2,TypeC
1063,2025-04-11 12:23:18,33.5,72.71,BuildingB_Floor2,TypeC
1043,2025-04-15 15:54:09,16.95,40.41,BuildingB_Floor1,TypeB
1003,2025-04-11 08:09:59,20.34,36.24,BuildingA_Floor2,TypeC
1082,2025-04-11 23:48:21,15.32,51.74,BuildingB_Floor2,TypeC
1005,2025-04-15 08:01:56,34.98,57.21,BuildingB_Floor1,TypeB
1019,2025-04-12 14:04:06,31.8,77.91,BuildingB_Floor2,TypeA
1096,2025-04-15 14:34:03,24.9,57.02,BuildingB_Floor1,TypeA
1056,2025-04-14 01:15:58,28.71,43.8,BuildingB_Floor1,TypeA
1063,2025-04-12 21:26:09,16.64,69.53,BuildingB_Floor2,TypeB
1065,2025-04-13 10:22:32,32.15,48.86,BuildingB_Floor1,TypeC
1082,2025-04-11 21:55:57,20.63,71.68,BuildingA_Floor1,TypeC
1093,2025-04-14 03:09:17,17.63,32.26,BuildingB_Floor2,TypeA
1031,2025-04-13 14:34:25,25.72,68.97,BuildingA_Floor1,TypeC
1092,2025-04-14 08:55:12,24.97,67.49,BuildingA_Floor1,TypeB
1083,2025-04-14 14:39:13,34.53,69.91,BuildingA_Floor1,TypeC
1015,2025-04-12 02:58:32,20.76,46.51,BuildingA_Floor1,TypeB
1083,2025-04-12 10:13:46,25.02,71.35,BuildingB_Floor2,TypeC
1009,2025-04-11 23:06:27,17.59,49.35,BuildingA_Floor1,TypeC
1088,2025-04-14 22:15:49,30.42,79.49,BuildingA_Floor2,TypeB
1034,2025-04-13 03:44:55,22.47,67.88,BuildingA_Floor1,TypeB
1093,2025-04-12 14:01:33,16.21,75.06,BuildingB_Floor2,TypeB
1031,2025-04-11 15:41:09,16.9,57.43,BuildingB_Floor2,TypeA
1034,2025-04-11 18:35:06,17.61,66.31,BuildingB_Floor2,TypeC
1032,2025-04-11 00:27:51,32.26,73.16,BuildingA_Floor2,TypeC
1069,2025-04-11 13:54:15,21.04,41.2,BuildingB_Floor2,TypeC
1091,2025-04-13 16:23:43,28.41,49.06,BuildingA_Floor1,TypeA
1074,2025-04-13 15:32:21,21.47,67.44,BuildingA_Floor1,TypeA
1029,2025-04-15 01:25:22,23.19,77.0,BuildingB_Floor1,TypeC
1073,2025-04-11 19:01:20,26.27,37.26,BuildingA_Floor1,TypeB
1041,2025-04-14 07:12:53,29.96,41.2,BuildingA_Floor2,TypeC
1084,2025-04-13 20:34:18,19.57,66.98,BuildingB_Floor2,TypeA
1072,2025-04-11 14:45:47,25.66,48.27,BuildingA_Floor2,TypeC
1009,2025-04-13 13:40:38,31.8,37.35,BuildingB_Floor1,TypeA
1015,2025-04-12 03:40:35,33.04,70.45,BuildingA_Floor1,TypeA
1090,2025-04-13 03:06:02,34.77,48.58,BuildingB_Floor1,TypeC
1021,2025-04-13 01:15:44,31.64,64.68,BuildingB_Floor2,TypeA
1002,2025-04-12 09:06:30,15.53,64.7,BuildingB_Floor1,TypeB
1047,2025-04-14 23:31:51,24.26,36.89,BuildingB_Floor1,TypeB
1030,2025-04-11 05:28:29,32.66,47.21,BuildingA_Floor2,TypeB
1036,2025-04-13 21:51:49,16.11,38.89,BuildingB_Floor1,TypeC
1024,2025-04-10 17:41:10,34.68,32.96,BuildingA_Floor2,TypeA
1015,2025-04-11 19:16:25,31.7,61.28,BuildingB_Floor1,TypeA
1047,2025-04-11 15:34:43,23.53,67.45,BuildingA_Floor1,TypeB
1067,2025-04-13 21:18:02,30.51,75.57,BuildingB_Floor1,TypeB
1092,2025-04-11 14:59:32,17.58,73.76,BuildingB_Floor1,TypeC
1077,2025-04-15 06:45:59,29.85,34.52,BuildingA_Floor2,TypeA
1053,2025-04-13 14:13:57,34.46,37.39,BuildingB_Floor2,TypeA
1033,2025-04-14 13:49:06,26.94,63.62,BuildingA_Floor2,TypeA
1021,2025-04-10 23:21:45,16.88,42.72,BuildingB_Floor2,TypeA
1021,2025-04-12 05:33:49,19.43,43.86,BuildingB_Floor1,TypeB
1037,2025-04-12 16:51:55,28.81,38.65,BuildingA_Floor1,TypeC
1014,2025-04-13 01:33:07,16.42,38.23,BuildingA_Floor2,TypeB
1097,2025-04-13 22:36:27,29.1,36.26,BuildingB_Floor1,TypeA
1041,2025-04-11 13:48:25,26.55,39.07,BuildingA_Floor2,TypeB
1072,2025-04-13 01:44:30,33.67,44.99,BuildingA_Floor2,TypeB
1050,2025-04-14 11:18:08,18.51,42.52,BuildingA_Floor1,TypeB
1095,2025-04-12 07:57:32,23.2,53.81,BuildingB_Floor1,TypeC
1041,2025-04-13 07:22:52,25.64,59.82,BuildingB_Floor2,TypeC
1068,2025-04-12 14:36:15,23.11,32.58,BuildingB_Floor2,TypeA
1002,2025-04-14 06:48:14,26.86,41.11,BuildingB_Floor1,TypeB
1050,2025-04-13 05:00:36,22.77,74.67,BuildingA_Floor1,TypeB
1038,2025-04-12 20:25:19,34.67,49.14,BuildingA_Floor2,TypeA
1007,2025-04-15 07:03:01,21.58,73.07,BuildingA_Floor2,TypeA
1012,2025-04-14 01:39:24,32.26,64.1,BuildingB_Floor1,TypeB
1096,2025-04-11 11:42:56,34.87,50.86,BuildingB_Floor1,TypeB
1090,2025-04-10 22:07:08,29.78,58.66,BuildingB_Floor1,TypeC
1007,2025-04-14 15:43:24,31.11,63.66,BuildingA_Floor2,TypeC
1058,2025-04-13 08:44:23,22.39,54.02,BuildingA_Floor1,TypeB
1021,2025-04-13 11:07:04,24.34,63.08,BuildingB_Floor2,TypeC
1071,2025-04-12 20:29:21,25.93,35.79,BuildingA_Floor2,TypeC
1080,2025-04-12 02:33:10,33.1,53.26,BuildingB_Floor1,TypeA
1034,2025-04-14 20:28:40,26.53,47.3,BuildingA_Floor2,TypeA
1077,2025-04-14 00:08:20,21.64,55.43,BuildingB_Floor1,TypeB
1005,2025-04-14 09:52:04,32.45,31.87,BuildingA_Floor1,TypeC
1082,2025-04-11 17:05:55,15.4,67.44,BuildingA_Floor2,TypeA
1057,2025-04-13 07:28:06,22.44,67.73,BuildingB_Floor1,TypeC
1084,2025-04-13 10:38:29,21.43,64.02,BuildingB_Floor1,TypeB
1004,2025-04-15 03:14:12,34.53,74.68,BuildingA_Floor1,TypeB
1088,2025-04-11 18:27:32,26.54,39.67,BuildingB_Floor1,TypeC
1057,2025-04-13 20:17:12,18.35,31.2,BuildingB_Floor1,TypeA
1076,2025-04-13 12:27:15,30.97,35.71,BuildingA_Floor2,TypeB
1035,2025-04-14 19:25:55,18.4,71.6,BuildingA_Floor2,TypeA
1043,2025-04-14 07:17:49,15.99,45.46,BuildingA_Floor2,TypeA
1070,2025-04-12 14:58:53,32.59,77.25,BuildingB_Floor1,TypeC
1018,2025-04-14 13:59:34,27.6,49.69,BuildingA_Floor2,TypeC
1032,2025-04-13 02:00:18,20.67,59.54,BuildingA_Floor2,TypeC
1008,2025-04-13 03:21:11,16.75,58.34,BuildingB_Floor2,TypeB
1055,2025-04-14 14:39:44,33.5,45.85,BuildingB_Floor1,TypeC
1079,2025-04-14 23:47:34,34.97,54.86,BuildingA_Floor2,TypeB
1046,2025-04-11 13:03:05,28.27,71.33,BuildingA_Floor2,TypeA
1046,2025-04-13 04:51:40,18.46,62.48,BuildingB_Floor2,TypeC
1089,2025-04-12 06:22:12,30.84,43.22,BuildingB_Floor2,TypeA
1074,2025-04-12 03:46:53,28.8,66.15,BuildingA_Floor2,TypeC
1092,2025-04-12 05:15:17,15.17,59.35,BuildingA_Floor2,TypeB
1049,2025-04-15 07:50:13,22.32,39.48,BuildingA_Floor2,TypeC
1099,2025-04-15 14:49:35,23.05,46.72,BuildingA_Floor1,TypeC
1012,2025-04-12 04:43:48,25.71,43.35,BuildingA_Floor2,TypeC
1077,2025-04-13 23:12:22,26.5,32.51,BuildingB_Floor2,TypeA
1056,2025-04-13 13:47:42,23.66,52.89,BuildingA_Floor1,TypeA
1041,2025-04-13 03:40:13,25.39,63.41,BuildingB_Floor2,TypeB
1043,2025-04-13 11:33:44,21.72,77.99,BuildingB_Floor2,TypeA
1100,2025-04-14 23:10:51,23.7,55.74,BuildingA_Floor1,TypeA
1091,2025-04-13 17:38:33,18.18,53.13,BuildingA_Floor1,TypeB
1061,2025-04-10 21:22:23,26.56,44.17,BuildingA_Floor1,TypeC
1056,2025-04-14 18:15:04,16.43,62.82,BuildingB_Floor1,TypeA
1061,2025-04-11 04:07:54,33.31,60.36,BuildingB_Floor2,TypeC
1048,2025-04-11 04:12:36,30.67,43.5,BuildingB_Floor2,TypeB
1032,2025-04-12 05:22:41,32.78,58.54,BuildingB_Floor2,TypeB
1084,2025-04-13 00:25:37,16.76,34.73,BuildingA_Floor2,TypeA
1007,2025-04-13 14:19:18,32.04,47.87,BuildingB_Floor2,TypeB
1044,2025-04-14 12:42:59,21.25,71.63,BuildingA_Floor2,TypeB
1006,2025-04-14 07:54:53,32.66,34.99,BuildingB_Floor1,TypeB
1022,2025-04-13 19:30:23,20.23,47.58,BuildingA_Floor1,TypeB
1087,2025-04-15 05:43:37,15.57,42.01,BuildingA_Floor2,TypeA
1011,2025-04-14 18:41:20,34.45,63.9,BuildingA_Floor2,TypeB
1087,2025-04-12 09:03:20,16.83,39.01,BuildingA_Floor2,TypeA
1099,2025-04-13 12:04:38,22.73,68.57,BuildingB_Floor1,TypeA
1010,2025-04-14 17:48:48,18.6,37.83,BuildingA_Floor1,TypeA
1068,2025-04-15 02:48:20,21.91,79.78,BuildingB_Floor2,TypeC
1065,2025-04-13 19:31:12,21.08,32.21,BuildingB_Floor1,TypeC
1058,2025-04-12 13:37:07,15.1,77.36,BuildingA_Floor1,TypeC
1045,2025-04-12 04:34:07,27.79,41.68,BuildingA_Floor2,TypeB
1015,2025-04-13 13:20:22,27.73,73.69,BuildingB_Floor2,TypeB
1059,2025-04-12 14:29:39,34.33,39.88,BuildingA_Floor2,TypeB
1009,2025-04-11 12:21:37,23.31,37.96,BuildingA_Floor1,TypeB
1083,2025-04-11 10:29:16,15.2,36.09,BuildingB_Floor2,TypeA
1068,2025-04-13 10:21:07,15.47,35.45,BuildingB_Floor1,TypeC
1085,2025-04-14 19:32:43,27.66,79.56,BuildingA_Floor1,TypeA
1094,2025-04-13 10:47:04,15.09,55.5,BuildingA_Floor1,TypeA
1029,2025-04-14 18:43:11,16.08,75.53,BuildingA_Floor1,TypeB
1015,2025-04-13 22:38:51,19.99,43.11,BuildingB_Floor1,TypeA
1100,2025-04-13 01:37:10,26.37,56.01,BuildingA_Floor1,TypeC
1080,2025-04-10 17:13:15,21.74,68.8,BuildingB_Floor1,TypeB
1092,2025-04-14 06:57:28,21.06,33.4,BuildingA_Floor1,TypeA
1087,2025-04-13 06:06:38,33.55,51.71,BuildingB_Floor1,TypeB
1080,2025-04-14 12:53:49,17.85,31.12,BuildingA_Floor1,TypeC
1020,2025-04-12 19:06:50,30.21,60.51,BuildingA_Floor2,TypeC
1087,2025-04-14 01:32:48,33.2,50.5,BuildingB_Floor2,TypeC
1014,2025-04-11 04:33:10,21.4,61.23,BuildingB_Floor1,TypeC
1011,2025-04-12 08:42:37,16.03,61.27,BuildingB_Floor2,TypeB
1096,2025-04-12 04:11:40,19.21,63.22,BuildingB_Floor2,TypeC
1075,2025-04-10 20:15:23,23.73,48.49,BuildingB_Floor2,TypeA
1021,2025-04-12 04:05:37,29.96,71.22,BuildingB_Floor1,TypeB
1054,2025-04-11 13:34:45,24.39,57.8,BuildingB_Floor2,TypeC
1073,2025-04-11 13:06:53,20.54,55.9,BuildingA_Floor2,TypeC
1076,2025-04-12 07:02:40,32.07,30.73,BuildingB_Floor2,TypeC
1016,2025-04-11 10:48:56,17.09,34.14,BuildingA_Floor1,TypeA
1090,2025-04-12 02:43:23,27.38,58.94,BuildingA_Floor1,TypeA
1077,2025-04-13 14:48:18,24.57,51.31,BuildingB_Floor2,TypeC
1034,2025-04-12 16:11:33,24.5,30.9,BuildingA_Floor2,TypeC
1097,2025-04-12 12:39:22,25.8,38.64,BuildingB_Floor2,TypeA
1066,2025-04-13 19:16:14,31.57,72.2,BuildingB_Floor1,TypeA
1089,2025-04-10 18:41:21,27.28,30.47,BuildingB_Floor2,TypeC
1070,2025-04-11 18:03:25,34.33,57.71,BuildingA_Floor1,TypeA
1058,2025-04-11 22:50:41,22.97,63.89,BuildingA_Floor2,TypeB
1077,2025-04-12 05:53:12,16.12,38.32,BuildingA_Floor2,TypeB
1057,2025-04-14 10:50:54,26.69,41.47,BuildingA_Floor2,TypeB
1032,2025-04-11 11:51:25,16.19,50.45,BuildingB_Floor2,TypeA
1035,2025-04-12 16:42:37,19.67,75.05,BuildingB_Floor1,TypeA
1036,2025-04-15 08:02:04,31.78,57.93,BuildingA_Floor2,TypeC
1042,2025-04-11 15:35:45,24.72,68.48,BuildingA_Floor1,TypeC
1075,2025-04-13 07:01:11,19.31,56.47,BuildingA_Floor1,TypeA
1039,2025-04-15 07:00:12,25.7,33.27,BuildingB_Floor2,TypeB
1067,2025-04-12 12:26:45,29.88,48.81,BuildingB_Floor2,TypeB
1066,2025-04-14 10:54:17,33.47,30.89,BuildingB_Floor1,TypeC
1062,2025-04-12 02:44:50,20.09,51.48,BuildingA_Floor1,TypeA
1007,2025-04-13 13:14:47,30.5,40.99,BuildingA_Floor1,TypeA
1087,2025-04-15 10:24:45,33.69,66.14,BuildingA_Floor2,TypeC
1092,2025-04-13 09:44:27,21.66,67.69,BuildingA_Floor2,TypeA
1035,2025-04-14 18:03:39,34.11,56.16,BuildingA_Floor1,TypeC
1092,2025-04-13 09:20:50,26.81,77.99,BuildingA_Floor2,TypeC
1011,2025-04-11 20:32:42,26.76,78.67,BuildingA_Floor1,TypeC
1005,2025-04-14 18:03:21,32.56,57.55,BuildingB_Floor2,TypeA
1010,2025-04-11 02:40:13,24.25,51.89,BuildingB_Floor2,TypeA
1004,2025-04-13 03:48:18,31.53,73.77,BuildingA_Floor2,TypeA
1043,2025-04-14 17:00:25,22.96,56.02,BuildingB_Floor2,TypeB
1032,2025-04-15 00:26:59,32.1,69.92,BuildingB_Floor2,TypeA
1040,2025-04-14 08:16:59,20.76,30.19,BuildingA_Floor1,TypeB
1027,2025-04-13 18:17:58,33.99,41.6,BuildingA_Floor2,TypeA
1028,2025-04-14 11:00:00,20.87,79.7,BuildingB_Floor1,TypeB
1000,2025-04-13 03:01:36,26.51,62.36,BuildingB_Floor2,TypeB
1098,2025-04-11 10:06:07,34.46,72.82,BuildingA_Floor2,TypeB
1066,2025-04-12 06:56:25,30.85,66.36,BuildingB_Floor2,TypeC
1019,2025-04-13 18:51:14,25.74,67.05,BuildingA_Floor2,TypeC
1040,2025-04-11 12:10:06,28.08,56.98,BuildingA_Floor1,TypeA
1100,2025-04-13 15:03:34,19.73,36.29,BuildingA_Floor2,TypeC
1058,2025-04-12 11:38:38,26.76,45.76,BuildingA_Floor1,TypeA
1075,2025-04-13 03:30:42,29.13,47.27,BuildingB_Floor2,TypeB
1078,2025-04-11 07:46:50,17.27,65.13,BuildingB_Floor2,TypeC
1056,2025-04-13 06:45:51,30.7,34.95,BuildingB_Floor1,TypeC
1002,2025-04-15 14:11:04,23.28,39.46,BuildingB_Floor1,TypeA
1025,2025-04-10 17:34:54,24.68,59.07,BuildingB_Floor1,TypeC
1056,2025-04-13 09:45:17,32.9,77.66,BuildingA_Floor2,TypeB
1084,2025-04-13 22:47:27,33.23,69.31,BuildingA_Floor1,TypeB
1028,2025-04-13 05:28:01,20.29,41.94,BuildingA_Floor2,TypeB
1071,2025-04-15 04:33:35,23.98,68.82,BuildingB_Floor1,TypeB
1037,2025-04-12 08:24:43,15.09,64.74,BuildingA_Floor1,TypeB
1038,2025-04-13 22:34:54,34.59,56.28,BuildingB_Floor1,TypeA
1058,2025-04-11 22:07:33,27.4,71.1,BuildingB_Floor1,TypeC
1029,2025-04-11 10:32:52,17.52,70.3,BuildingB_Floor1,TypeA
1095,2025-04-13 23:47:35,31.83,75.89,BuildingB_Floor1,TypeB
1017,2025-04-15 12:02:51,19.4,57.1,BuildingB_Floor2,TypeB
1038,2025-04-13 06:00:27,34.37,68.56,BuildingB_Floor2,TypeA
1069,2025-04-12 00:29:34,20.37,38.0,BuildingB_Floor2,TypeA
1088,2025-04-12 06:56:37,31.75,57.46,BuildingB_Floor2,TypeA
1029,2025-04-13 08:04:13,16.25,48.64,BuildingA_Floor2,TypeC
1021,2025-04-14 15:10:28,34.65,31.9,BuildingA_Floor2,TypeC
1000,2025-04-12 00:39:26,34.51,58.77,BuildingB_Floor1,TypeA
1052,2025-04-14 11:10:18,28.38,46.75,BuildingB_Floor2,TypeA
1074,2025-04-13 10:59:37,24.07,54.73,BuildingB_Floor1,TypeB
1003,2025-04-11 19:38:24,18.62,59.47,BuildingB_Floor2,TypeC
1059,2025-04-13 10:39:26,16.43,48.97,BuildingA_Floor1,TypeB
1068,2025-04-13 09:57:15,34.96,38.42,BuildingB_Floor2,TypeC
1070,2025-04-14 23:57:16,25.57,78.45,BuildingB_Floor2,TypeA
1039,2025-04-15 14:18:56,31.02,64.09,BuildingB_Floor1,TypeA
1025,2025-04-11 18:24:14,20.9,49.15,BuildingB_Floor2,TypeB
1009,2025-04-11 15:53:42,26.53,76.74,BuildingA_Floor2,TypeB
1042,2025-04-11 01:04:55,17.39,38.29,BuildingA_Floor1,TypeA
1016,2025-04-15 05:21:19,21.94,70.09,BuildingB_Floor2,TypeB
1088,2025-04-13 22:28:22,24.82,49.63,BuildingA_Floor2,TypeC
1098,2025-04-12 19:09:15,22.58,35.51,BuildingA_Floor1,TypeB
1030,2025-04-14 11:43:35,27.07,31.68,BuildingB_Floor2,TypeA
1087,2025-04-14 23:17:45,32.36,75.64,BuildingA_Floor1,TypeB
1097,2025-04-11 11:09:19,33.22,41.11,BuildingA_Floor2,TypeA
1012,2025-04-15 07:18:15,24.03,64.18,BuildingB_Floor2,TypeC
1002,2025-04-15 02:27:30,21.76,69.96,BuildingB_Floor2,TypeA
1088,2025-04-14 19:44:14,20.63,45.64,BuildingB_Floor2,TypeC
1089,2025-04-15 09:32:35,15.84,42.45,BuildingA_Floor1,TypeA
1082,2025-04-15 10:47:48,21.74,57.7,BuildingB_Floor1,TypeA
1078,2025-04-15 10:13:44,26.09,35.32,BuildingA_Floor1,TypeA
1085,2025-04-10 21:03:39,29.8,43.48,BuildingA_Floor2,TypeC
1005,2025-04-14 07:20:51,30.74,52.48,BuildingA_Floor2,TypeC
1045,2025-04-14 04:42:37,16.22,65.4,BuildingB_Floor1,TypeB
1043,2025-04-13 03:00:37,30.05,74.29,BuildingB_Floor2,TypeC
1033,2025-04-15 02:20:06,32.92,48.46,BuildingA_Floor2,TypeC
1024,2025-04-13 08:42:38,27.88,68.39,BuildingA_Floor2,TypeA
1088,2025-04-14 03:56:56,23.13,40.8,BuildingB_Floor2,TypeA
1039,2025-04-11 09:07:02,17.95,58.02,BuildingA_Floor1,TypeC
1076,2025-04-12 02:48:16,31.7,49.73,BuildingA_Floor1,TypeB
1095,2025-04-13 06:03:20,30.34,39.63,BuildingA_Floor1,TypeA
1019,2025-04-14 10:19:44,29.42,56.43,BuildingB_Floor1,TypeA
1028,2025-04-11 07:15:23,33.1,37.86,BuildingB_Floor1,TypeB
1093,2025-04-14 05:52:43,20.52,70.77,BuildingA_Floor1,TypeA
1026,2025-04-11 08:48:35,20.45,32.25,BuildingA_Floor2,TypeC
1060,2025-04-11 10:04:29,26.72,38.03,BuildingB_Floor1,TypeB
1077,2025-04-11 19:42:42,15.29,47.99,BuildingA_Floor2,TypeB
1079,2025-04-12 02:14:53,16.53,44.83,BuildingA_Floor2,TypeC
1059,2025-04-11 09:15:36,17.2,43.52,BuildingA_Floor2,TypeA
1027,2025-04-12 11:08:25,25.59,30.57,BuildingB_Floor1,TypeA
1065,2025-04-15 09:11:24,20.04,78.55,BuildingA_Floor1,TypeA
1004,2025-04-12 23:02:42,26.02,57.62,BuildingA_Floor2,TypeC
1073,2025-04-14 02:03:37,33.71,53.69,BuildingB_Floor1,TypeC
1061,2025-04-14 08:28:35,23.41,71.37,BuildingA_Floor2,TypeA
1060,2025-04-15 09:44:48,21.6,76.66,BuildingA_Floor2,TypeB
1030,2025-04-12 22:06:54,16.84,69.83,BuildingA_Floor2,TypeC
1083,2025-04-15 06:50:53,16.57,76.81,BuildingA_Floor2,TypeC
1034,2025-04-15 10:33:53,33.32,30.08,BuildingB_Floor2,TypeC
1005,2025-04-13 08:15:28,22.87,51.0,BuildingA_Floor1,TypeA
1016,2025-04-11 13:04:19,32.43,50.54,BuildingA_Floor2,TypeB
1026,2025-04-15 09:06:53,30.89,37.1,BuildingB_Floor2,TypeB
1069,2025-04-12 17:12:24,20.93,38.84,BuildingA_Floor2,TypeA
1058,2025-04-12 06:12:30,26.27,47.43,BuildingB_Floor1,TypeB
1083,2025-04-10 17:57:05,32.42,37.61,BuildingB_Floor1,TypeC
1030,2025-04-14 09:16:11,20.61,68.95,BuildingB_Floor1,TypeB
1033,2025-04-13 16:24:45,23.47,55.64,BuildingB_Floor1,TypeA
1078,2025-04-13 21:37:52,15.95,32.67,BuildingB_Floor1,TypeC
1089,2025-04-10 19:19:47,32.09,31.18,BuildingA_Floor1,TypeB
1094,2025-04-11 12:29:05,19.61,75.7,BuildingB_Floor1,TypeB
1032,2025-04-15 12:19:58,34.89,70.46,BuildingA_Floor1,TypeB
1047,2025-04-11 04:05:42,18.49,61.01,BuildingA_Floor1,TypeB
1086,2025-04-12 13:04:27,33.89,50.74,BuildingB_Floor1,TypeA
1027,2025-04-11 23:20:06,28.35,35.15,BuildingA_Floor2,TypeA
1052,2025-04-12 11:17:59,16.34,52.78,BuildingA_Floor2,TypeC
1094,2025-04-12 21:50:52,25.21,75.44,BuildingA_Floor2,TypeC
1030,2025-04-15 10:07:33,17.13,34.13,BuildingB_Floor2,TypeC
1091,2025-04-12 05:30:02,31.86,67.97,BuildingB_Floor1,TypeC
1078,2025-04-14 01:53:20,23.82,36.7,BuildingB_Floor1,TypeA
1045,2025-04-13 02:42:08,17.12,36.53,BuildingB_Floor1,TypeB
1019,2025-04-15 07:25:31,26.28,46.64,BuildingB_Floor1,TypeA
1062,2025-04-14 19:15:57,33.45,68.67,BuildingB_Floor2,TypeA
1097,2025-04-13 07:22:54,30.67,51.53,BuildingB_Floor1,TypeA
1002,2025-04-10 20:47:22,19.56,54.45,BuildingB_Floor1,TypeC
1043,2025-04-13 17:16:37,32.15,40.4,BuildingB_Floor1,TypeB
1002,2025-04-15 01:33:51,33.79,38.03,BuildingA_Floor2,TypeC
1100,2025-04-11 00:22:37,24.67,63.49,BuildingB_Floor1,TypeA
1000,2025-04-11 04:26:14,16.09,67.2,BuildingA_Floor2,TypeC
1046,2025-04-12 23:27:03,21.22,41.17,BuildingB_Floor1,TypeC
1031,2025-04-11 08:59:54,27.22,75.26,BuildingB_Floor1,TypeC
1068,2025-04-14 11:57:20,23.39,54.04,BuildingB_Floor1,TypeB
1080,2025-04-13 17:40:17,19.76,66.04,BuildingB_Floor2,TypeC
1075,2025-04-12 08:09:32,33.03,65.48,BuildingA_Floor2,TypeC
1016,2025-04-11 15:37:43,24.93,59.66,BuildingB_Floor1,TypeC
1055,2025-04-11 17:51:45,22.72,30.54,BuildingB_Floor1,TypeC
1031,2025-04-11 14:07:04,23.33,40.92,BuildingB_Floor1,TypeB
1068,2025-04-13 05:57:45,22.12,63.96,BuildingA_Floor1,TypeC
1031,2025-04-14 01:59:53,32.48,36.67,BuildingB_Floor1,TypeB
1087,2025-04-10 17:54:16,24.45,32.96,BuildingB_Floor1,TypeA
1039,2025-04-12 05:18:16,25.93,53.59,BuildingB_Floor1,TypeA
1015,2025-04-13 20:15:01,22.29,56.02,BuildingA_Floor1,TypeB
1025,2025-04-15 04:07:34,29.63,78.22,BuildingA_Floor2,TypeB
1037,2025-04-10 22:24:38,21.79,51.02,BuildingB_Floor1,TypeC
1062,2025-04-13 11:12:03,27.84,58.45,BuildingA_Floor2,TypeA
1066,2025-04-14 20:49:35,19.1,51.36,BuildingA_Floor2,TypeB
1059,2025-04-12 04:43:43,34.26,65.26,BuildingB_Floor1,TypeA
1064,2025-04-14 14:12:19,34.4,51.41,BuildingA_Floor2,TypeA
1063,2025-04-14 23:41:21,19.6,35.4,BuildingA_Floor2,TypeA
1045,2025-04-11 08:49:39,26.44,67.0,BuildingA_Floor2,TypeA
1021,2025-04-13 05:34:21,25.36,38.84,BuildingB_Floor2,TypeA
1098,2025-04-11 16:01:16,21.86,37.64,BuildingB_Floor2,TypeC
1012,2025-04-12 02:59:40,17.5,64.82,BuildingB_Floor1,TypeA
1057,2025-04-14 16:12:07,17.65,36.09,BuildingA_Floor1,TypeB
1055,2025-04-12 07:58:38,20.93,37.48,BuildingB_Floor1,TypeA
1083,2025-04-10 16:49:08,25.08,43.23,BuildingA_Floor2,TypeB
1038,2025-04-11 19:32:02,23.99,62.19,BuildingB_Floor2,TypeC
1019,2025-04-14 22:29:12,31.99,30.65,BuildingA_Floor1,TypeA
1082,2025-04-14 08:27:39,16.88,79.82,BuildingA_Floor2,TypeA
1089,2025-04-13 13:15:38,33.85,70.36,BuildingB_Floor2,TypeB
1000,2025-04-11 06:38:40,30.65,42.15,BuildingA_Floor1,TypeB
1007,2025-04-13 15:30:32,33.55,50.9,BuildingA_Floor2,TypeB
1023,2025-04-13 08:49:45,17.51,54.17,BuildingB_Floor1,TypeC
1034,2025-04-12 18:29:01,24.51,49.03,BuildingB_Floor2,TypeC
1033,2025-04-11 11:28:28,32.44,36.39,BuildingA_Floor1,TypeC
1021,2025-04-10 23:32:10,22.88,63.25,BuildingB_Floor1,TypeB
1090,2025-04-14 13:37:05,29.02,62.43,BuildingA_Floor2,TypeC
1086,2025-04-14 08:50:59,24.17,74.35,BuildingA_Floor1,TypeA
1020,2025-04-14 04:36:48,19.61,51.05,BuildingB_Floor2,TypeB
1051,2025-04-14 15:56:10,24.32,40.35,BuildingA_Floor2,TypeC
1041,2025-04-12 00:22:33,16.47,69.16,BuildingA_Floor1,TypeC
1068,2025-04-11 09:30:07,29.25,74.14,BuildingA_Floor2,TypeC
1042,2025-04-12 13:44:36,21.66,77.56,BuildingB_Floor1,TypeA
1002,2025-04-11 05:31:22,23.81,30.75,BuildingB_Floor1,TypeB
1092,2025-04-12 06:23:04,22.04,60.75,BuildingB_Floor2,TypeB
1079,2025-04-11 20:43:33,18.05,55.66,BuildingA_Floor1,TypeA
1069,2025-04-12 07:01:47,23.09,69.07,BuildingB_Floor2,TypeB
1056,2025-04-13 01:07:40,23.68,76.83,BuildingA_Floor2,TypeC
1043,2025-04-12 18:31:06,24.67,61.42,BuildingA_Floor2,TypeC
1017,2025-04-14 00:23:43,15.59,65.62,BuildingB_Floor2,TypeB
1021,2025-04-13 22:05:00,24.91,49.3,BuildingA_Floor1,TypeA
1077,2025-04-11 02:30:06,32.7,32.37,BuildingB_Floor2,TypeB
1083,2025-04-14 15:18:44,34.27,72.88,BuildingA_Floor1,TypeB
1022,2025-04-11 23:13:33,29.15,77.99,BuildingB_Floor2,TypeA
1096,2025-04-12 21:25:13,24.12,49.61,BuildingA_Floor1,TypeC
1040,2025-04-14 22:28:54,24.45,65.88,BuildingB_Floor1,TypeC
1032,2025-04-15 14:06:38,26.43,52.48,BuildingA_Floor1,TypeA
1026,2025-04-14 03:06:08,23.06,71.88,BuildingB_Floor2,TypeB
1097,2025-04-13 22:52:36,20.6,73.37,BuildingA_Floor1,TypeC
1000,2025-04-12 14:37:17,17.73,38.84,BuildingB_Floor2,TypeC
1057,2025-04-14 11:58:19,32.36,47.7,BuildingB_Floor1,TypeB
1039,2025-04-12 13:27:47,17.42,68.94,BuildingA_Floor1,TypeC
1044,2025-04-12 18:46:41,20.59,40.22,BuildingB_Floor2,TypeA
1024,2025-04-11 20:41:35,28.44,38.64,BuildingA_Floor2,TypeB
1071,2025-04-13 01:54:14,25.33,53.17,BuildingA_Floor2,TypeA
1079,2025-04-11 17:26:31,21.12,30.47,BuildingA_Floor2,TypeA
1023,2025-04-14 09:10:52,25.32,66.26,BuildingA_Floor2,TypeA
1037,2025-04-14 23:35:29,30.01,52.72,BuildingB_Floor1,TypeB
1091,2025-04-14 03:56:39,17.39,70.16,BuildingA_Floor2,TypeC
1025,2025-04-13 06:19:36,30.31,38.97,BuildingA_Floor1,TypeC
1057,2025-04-14 09:40:27,21.95,30.9,BuildingA_Floor2,TypeB
1091,2025-04-13 20:07:41,22.38,38.57,BuildingB_Floor2,TypeA
1053,2025-04-13 18:48:14,25.05,68.55,BuildingA_Floor1,TypeB
1067,2025-04-14 20:07:50,24.3,50.67,BuildingB_Floor1,TypeC
1086,2025-04-15 04:20:10,28.43,36.22,BuildingB_Floor1,TypeC
1059,2025-04-13 11:55:26,18.33,45.28,BuildingA_Floor1,TypeA
1090,2025-04-11 05:10:30,25.67,78.8,BuildingA_Floor2,TypeB
1013,2025-04-11 00:03:11,30.34,32.33,BuildingA_Floor1,TypeC
1060,2025-04-11 13:25:27,18.64,69.42,BuildingA_Floor2,TypeC
1041,2025-04-13 01:04:48,19.38,33.27,BuildingA_Floor2,TypeA
1025,2025-04-13 16:21:00,21.22,32.8,BuildingA_Floor2,TypeB
1021,2025-04-12 07:09:43,30.85,38.38,BuildingB_Floor2,TypeA
1049,2025-04-11 10:52:06,21.74,61.31,BuildingA_Floor2,TypeA
1082,2025-04-12 15:27:08,34.43,30.63,BuildingB_Floor2,TypeB
1066,2025-04-13 07:28:28,26.54,60.58,BuildingA_Floor1,TypeA
1015,2025-04-10 22:02:50,23.92,55.54,BuildingA_Floor1,TypeB
1003,2025-04-13 15:33:13,25.16,66.55,BuildingA_Floor1,TypeB
1035,2025-04-12 14:13:06,20.31,63.82,BuildingA_Floor1,TypeB
1051,2025-04-11 07:35:48,19.84,63.94,BuildingA_Floor2,TypeB
1013,2025-04-13 03:23:08,20.86,33.0,BuildingA_Floor1,TypeB
1017,2025-04-13 09:00:41,27.76,33.61,BuildingB_Floor1,TypeA
1007,2025-04-10 16:05:59,29.13,75.86,BuildingA_Floor1,TypeA
1078,2025-04-13 13:54:58,17.9,62.66,BuildingA_Floor2,TypeB
1017,2025-04-10 23:53:48,17.32,63.51,BuildingA_Floor2,TypeA
1079,2025-04-14 21:23:50,27.01,68.44,BuildingA_Floor2,TypeC
1045,2025-04-14 21:12:35,27.06,76.62,BuildingA_Floor1,TypeB
1079,2025-04-11 15:42:00,20.11,46.66,BuildingA_Floor2,TypeA
1083,2025-04-12 16:40:30,31.63,72.27,BuildingB_Floor1,TypeB
1071,2025-04-14 11:49:23,31.96,78.89,BuildingA_Floor2,TypeC
1091,2025-04-12 18:42:00,19.82,73.21,BuildingB_Floor1,TypeA
1082,2025-04-15 00:28:54,20.59,76.45,BuildingA_Floor2,TypeA
1051,2025-04-14 00:01:33,27.68,34.21,BuildingA_Floor1,TypeB
1031,2025-04-11 02:45:06,32.48,46.45,BuildingB_Floor1,TypeA
1024,2025-04-14 05:25:01,17.08,33.2,BuildingB_Floor1,TypeA
